<ImportExportXml version="9.2.21074.121" SolutionPackageVersion="9.2" languagecode="1033" generatedBy="CrmLive" xmlns:xsi="http://www.w3.org/2001/XMLSchema-instance">
  <SolutionManifest>
    <UniqueName>CarRentalSystem</UniqueName>
    <LocalizedNames>
      <LocalizedName description="Car Rental System" languagecode="1033" />
    </LocalizedNames>
    <Descriptions />
    <Version>1.0.0.1</Version>
    <Managed>0</Managed>
    <Publisher>
      <UniqueName>DefaultPublisherinterviewbluecoding</UniqueName>
      <LocalizedNames>
        <LocalizedName description="Default Publisher for interviewbluecoding" languagecode="1033" />
      </LocalizedNames>
      <Descriptions>
        <Description description="Default publisher for this organization" languagecode="1033" />
      </Descriptions>
      <EMailAddress xsi:nil="true"></EMailAddress>
      <SupportingWebsiteUrl xsi:nil="true"></SupportingWebsiteUrl>
      <CustomizationPrefix>new</CustomizationPrefix>
      <CustomizationOptionValuePrefix>10000</CustomizationOptionValuePrefix>
      <Addresses>
        <Address>
          <AddressNumber>1</AddressNumber>
          <AddressTypeCode xsi:nil="true"></AddressTypeCode>
          <City xsi:nil="true"></City>
          <County xsi:nil="true"></County>
          <Country xsi:nil="true"></Country>
          <Fax xsi:nil="true"></Fax>
          <FreightTermsCode xsi:nil="true"></FreightTermsCode>
          <ImportSequenceNumber xsi:nil="true"></ImportSequenceNumber>
          <Latitude xsi:nil="true"></Latitude>
          <Line1 xsi:nil="true"></Line1>
          <Line2 xsi:nil="true"></Line2>
          <Line3 xsi:nil="true"></Line3>
          <Longitude xsi:nil="true"></Longitude>
          <Name xsi:nil="true"></Name>
          <PostalCode xsi:nil="true"></PostalCode>
          <PostOfficeBox xsi:nil="true"></PostOfficeBox>
          <PrimaryContactName xsi:nil="true"></PrimaryContactName>
          <ShippingMethodCode xsi:nil="true"></ShippingMethodCode>
          <StateOrProvince xsi:nil="true"></StateOrProvince>
          <Telephone1 xsi:nil="true"></Telephone1>
          <Telephone2 xsi:nil="true"></Telephone2>
          <Telephone3 xsi:nil="true"></Telephone3>
          <TimeZoneRuleVersionNumber xsi:nil="true"></TimeZoneRuleVersionNumber>
          <UPSZone xsi:nil="true"></UPSZone>
          <UTCOffset xsi:nil="true"></UTCOffset>
          <UTCConversionTimeZoneCode xsi:nil="true"></UTCConversionTimeZoneCode>
        </Address>
        <Address>
          <AddressNumber>2</AddressNumber>
          <AddressTypeCode xsi:nil="true"></AddressTypeCode>
          <City xsi:nil="true"></City>
          <County xsi:nil="true"></County>
          <Country xsi:nil="true"></Country>
          <Fax xsi:nil="true"></Fax>
          <FreightTermsCode xsi:nil="true"></FreightTermsCode>
          <ImportSequenceNumber xsi:nil="true"></ImportSequenceNumber>
          <Latitude xsi:nil="true"></Latitude>
          <Line1 xsi:nil="true"></Line1>
          <Line2 xsi:nil="true"></Line2>
          <Line3 xsi:nil="true"></Line3>
          <Longitude xsi:nil="true"></Longitude>
          <Name xsi:nil="true"></Name>
          <PostalCode xsi:nil="true"></PostalCode>
          <PostOfficeBox xsi:nil="true"></PostOfficeBox>
          <PrimaryContactName xsi:nil="true"></PrimaryContactName>
          <ShippingMethodCode xsi:nil="true"></ShippingMethodCode>
          <StateOrProvince xsi:nil="true"></StateOrProvince>
          <Telephone1 xsi:nil="true"></Telephone1>
          <Telephone2 xsi:nil="true"></Telephone2>
          <Telephone3 xsi:nil="true"></Telephone3>
          <TimeZoneRuleVersionNumber xsi:nil="true"></TimeZoneRuleVersionNumber>
          <UPSZone xsi:nil="true"></UPSZone>
          <UTCOffset xsi:nil="true"></UTCOffset>
          <UTCConversionTimeZoneCode xsi:nil="true"></UTCConversionTimeZoneCode>
        </Address>
      </Addresses>
    </Publisher>
    <RootComponents>
      <RootComponent type="1" schemaName="new_car" behavior="0" />
      <RootComponent type="1" schemaName="new_customer" behavior="0" />
      <RootComponent type="1" schemaName="salesorder" behavior="2" />
      <RootComponent type="61" schemaName="new_JS_Rent" behavior="0" />
    </RootComponents>
    <MissingDependencies>
      <MissingDependency>
        <Required type="1" schemaName="salesorder" displayName="Rent" solution="msdynce_Sales (9.0.4.0076)" />
        <Dependent type="1" schemaName="salesorder" displayName="Rent" />
      </MissingDependency>
      <MissingDependency>
        <Required type="1" schemaName="salesorderdetail" displayName="Order Line" solution="msdynce_Sales (9.0.4.0076)" />
        <Dependent type="60" displayName="Order" parentDisplayName="Rent" id="{d598792c-3ff0-43f3-b3e3-bbd70b99e1a5}" />
      </MissingDependency>
      <MissingDependency>
        <Required type="2" schemaName="billto_composite" displayName="Bill To Address" parentSchemaName="salesorder" parentDisplayName="Rent" solution="msdynce_Sales (9.0.4.0076)" />
        <Dependent type="60" displayName="Order" parentDisplayName="Rent" id="{d598792c-3ff0-43f3-b3e3-bbd70b99e1a5}" />
      </MissingDependency>
      <MissingDependency>
        <Required type="2" schemaName="customerid" displayName="Customer" parentSchemaName="salesorder" parentDisplayName="Rent" solution="msdynce_Sales (9.0.4.0076)" />
        <Dependent type="2" schemaName="customerid" displayName="Customer" parentSchemaName="salesorder" parentDisplayName="Rent" />
      </MissingDependency>
      <MissingDependency>
        <Required type="2" schemaName="customerid" displayName="Customer" parentSchemaName="salesorder" parentDisplayName="Rent" solution="msdynce_Sales (9.0.4.0076)" />
        <Dependent type="26" schemaName="Active Orders" displayName="Active Orders" parentSchemaName="salesorder" parentDisplayName="Rent" id="{e6f001df-303c-447b-b184-0f65cd00c3f9}" />
      </MissingDependency>
      <MissingDependency>
        <Required type="2" schemaName="customerid" displayName="Customer" parentSchemaName="salesorder" parentDisplayName="Rent" solution="msdynce_Sales (9.0.4.0076)" />
        <Dependent type="60" displayName="Order" parentDisplayName="Rent" id="{d598792c-3ff0-43f3-b3e3-bbd70b99e1a5}" />
      </MissingDependency>
      <MissingDependency>
        <Required type="2" schemaName="datefulfilled" displayName="Date Fulfilled" parentSchemaName="salesorder" parentDisplayName="Rent" solution="msdynce_Sales (9.0.4.0076)" />
        <Dependent type="60" displayName="Order" parentDisplayName="Rent" id="{d598792c-3ff0-43f3-b3e3-bbd70b99e1a5}" />
      </MissingDependency>
      <MissingDependency>
        <Required type="2" schemaName="description" displayName="Description" parentSchemaName="salesorder" parentDisplayName="Rent" solution="msdynce_Sales (9.0.4.0076)" />
        <Dependent type="60" displayName="Order" parentDisplayName="Rent" id="{d598792c-3ff0-43f3-b3e3-bbd70b99e1a5}" />
      </MissingDependency>
      <MissingDependency>
        <Required type="2" schemaName="discountamount" displayName="Order Discount Amount" parentSchemaName="salesorder" parentDisplayName="Rent" solution="msdynce_Sales (9.0.4.0076)" />
        <Dependent type="60" displayName="Order" parentDisplayName="Rent" id="{d598792c-3ff0-43f3-b3e3-bbd70b99e1a5}" />
      </MissingDependency>
      <MissingDependency>
        <Required type="2" schemaName="discountpercentage" displayName="Order Discount (%)" parentSchemaName="salesorder" parentDisplayName="Rent" solution="msdynce_Sales (9.0.4.0076)" />
        <Dependent type="60" displayName="Order" parentDisplayName="Rent" id="{d598792c-3ff0-43f3-b3e3-bbd70b99e1a5}" />
      </MissingDependency>
      <MissingDependency>
        <Required type="2" schemaName="freightamount" displayName="Freight Amount" parentSchemaName="salesorder" parentDisplayName="Rent" solution="msdynce_Sales (9.0.4.0076)" />
        <Dependent type="60" displayName="Order" parentDisplayName="Rent" id="{d598792c-3ff0-43f3-b3e3-bbd70b99e1a5}" />
      </MissingDependency>
      <MissingDependency>
        <Required type="2" schemaName="freighttermscode" displayName="Freight Terms" parentSchemaName="salesorder" parentDisplayName="Rent" solution="msdynce_Sales (9.0.4.0076)" />
        <Dependent type="60" displayName="Order" parentDisplayName="Rent" id="{d598792c-3ff0-43f3-b3e3-bbd70b99e1a5}" />
      </MissingDependency>
      <MissingDependency>
        <Required type="2" schemaName="ispricelocked" displayName="Prices Locked" parentSchemaName="salesorder" parentDisplayName="Rent" solution="msdynce_Sales (9.0.4.0076)" />
        <Dependent type="60" displayName="Order" parentDisplayName="Rent" id="{d598792c-3ff0-43f3-b3e3-bbd70b99e1a5}" />
      </MissingDependency>
      <MissingDependency>
        <Required type="2" schemaName="msdyn_ordertype" displayName="Order Type" parentSchemaName="salesorder" parentDisplayName="Rent" solution="FieldServiceCommon (1.0.0.134)" />
        <Dependent type="60" displayName="Order" parentDisplayName="Rent" id="{d598792c-3ff0-43f3-b3e3-bbd70b99e1a5}" />
      </MissingDependency>
      <MissingDependency>
        <Required type="2" schemaName="name" displayName="Name" parentSchemaName="salesorder" parentDisplayName="Rent" solution="msdynce_Sales (9.0.4.0076)" />
        <Dependent type="60" displayName="Order" parentDisplayName="Rent" id="{d598792c-3ff0-43f3-b3e3-bbd70b99e1a5}" />
      </MissingDependency>
      <MissingDependency>
        <Required type="2" schemaName="opportunityid" displayName="Opportunity" parentSchemaName="salesorder" parentDisplayName="Rent" solution="msdynce_Sales (9.0.4.0076)" />
        <Dependent type="60" displayName="Order" parentDisplayName="Rent" id="{d598792c-3ff0-43f3-b3e3-bbd70b99e1a5}" />
      </MissingDependency>
      <MissingDependency>
        <Required type="2" schemaName="ordernumber" displayName="Order ID" parentSchemaName="salesorder" parentDisplayName="Rent" solution="msdynce_Sales (9.0.4.0076)" />
        <Dependent type="60" displayName="Order" parentDisplayName="Rent" id="{d598792c-3ff0-43f3-b3e3-bbd70b99e1a5}" />
      </MissingDependency>
      <MissingDependency>
        <Required type="2" schemaName="ownerid" displayName="Owner" parentSchemaName="salesorder" parentDisplayName="Rent" solution="msdynce_Sales (9.0.4.0076)" />
        <Dependent type="60" displayName="Order" parentDisplayName="Rent" id="{d598792c-3ff0-43f3-b3e3-bbd70b99e1a5}" />
      </MissingDependency>
      <MissingDependency>
        <Required type="2" schemaName="paymenttermscode" displayName="Payment Terms" parentSchemaName="salesorder" parentDisplayName="Rent" solution="msdynce_Sales (9.0.4.0076)" />
        <Dependent type="60" displayName="Order" parentDisplayName="Rent" id="{d598792c-3ff0-43f3-b3e3-bbd70b99e1a5}" />
      </MissingDependency>
      <MissingDependency>
        <Required type="2" schemaName="pricelevelid" displayName="Price List" parentSchemaName="salesorder" parentDisplayName="Rent" solution="msdynce_Sales (9.0.4.0076)" />
        <Dependent type="60" displayName="Order" parentDisplayName="Rent" id="{d598792c-3ff0-43f3-b3e3-bbd70b99e1a5}" />
      </MissingDependency>
      <MissingDependency>
        <Required type="2" schemaName="quoteid" displayName="Quote" parentSchemaName="salesorder" parentDisplayName="Rent" solution="msdynce_Sales (9.0.4.0076)" />
        <Dependent type="60" displayName="Order" parentDisplayName="Rent" id="{d598792c-3ff0-43f3-b3e3-bbd70b99e1a5}" />
      </MissingDependency>
      <MissingDependency>
        <Required type="2" schemaName="requestdeliveryby" displayName="Requested Delivery Date" parentSchemaName="salesorder" parentDisplayName="Rent" solution="msdynce_Sales (9.0.4.0076)" />
        <Dependent type="60" displayName="Order" parentDisplayName="Rent" id="{d598792c-3ff0-43f3-b3e3-bbd70b99e1a5}" />
      </MissingDependency>
      <MissingDependency>
        <Required type="2" schemaName="salesorderid" displayName="Order" parentSchemaName="salesorder" parentDisplayName="Rent" solution="msdynce_Sales (9.0.4.0076)" />
        <Dependent type="26" schemaName="Active Orders" displayName="Active Orders" parentSchemaName="salesorder" parentDisplayName="Rent" id="{e6f001df-303c-447b-b184-0f65cd00c3f9}" />
      </MissingDependency>
      <MissingDependency>
        <Required type="2" schemaName="shippingmethodcode" displayName="Shipping Method" parentSchemaName="salesorder" parentDisplayName="Rent" solution="msdynce_Sales (9.0.4.0076)" />
        <Dependent type="60" displayName="Order" parentDisplayName="Rent" id="{d598792c-3ff0-43f3-b3e3-bbd70b99e1a5}" />
      </MissingDependency>
      <MissingDependency>
        <Required type="2" schemaName="shipto_composite" displayName="Ship To Address" parentSchemaName="salesorder" parentDisplayName="Rent" solution="msdynce_Sales (9.0.4.0076)" />
        <Dependent type="60" displayName="Order" parentDisplayName="Rent" id="{d598792c-3ff0-43f3-b3e3-bbd70b99e1a5}" />
      </MissingDependency>
      <MissingDependency>
        <Required type="2" schemaName="statecode" displayName="Status" parentSchemaName="salesorder" parentDisplayName="Rent" solution="msdynce_Sales (9.0.4.0076)" />
        <Dependent type="2" schemaName="statecode" displayName="Status" parentSchemaName="salesorder" parentDisplayName="Rent" />
      </MissingDependency>
      <MissingDependency>
        <Required type="2" schemaName="statuscode" displayName="Status Reason" parentSchemaName="salesorder" parentDisplayName="Rent" solution="msdynce_Sales (9.0.4.0076)" />
        <Dependent type="2" schemaName="statuscode" displayName="Status Reason" parentSchemaName="salesorder" parentDisplayName="Rent" />
      </MissingDependency>
      <MissingDependency>
        <Required type="2" schemaName="totalamount" displayName="Total Amount" parentSchemaName="salesorder" parentDisplayName="Rent" solution="msdynce_Sales (9.0.4.0076)" />
        <Dependent type="60" displayName="Order" parentDisplayName="Rent" id="{d598792c-3ff0-43f3-b3e3-bbd70b99e1a5}" />
      </MissingDependency>
      <MissingDependency>
        <Required type="2" schemaName="totalamountlessfreight" displayName="Total Pre-Freight Amount" parentSchemaName="salesorder" parentDisplayName="Rent" solution="msdynce_Sales (9.0.4.0076)" />
        <Dependent type="60" displayName="Order" parentDisplayName="Rent" id="{d598792c-3ff0-43f3-b3e3-bbd70b99e1a5}" />
      </MissingDependency>
      <MissingDependency>
        <Required type="2" schemaName="totallineitemamount" displayName="Total Detail Amount" parentSchemaName="salesorder" parentDisplayName="Rent" solution="msdynce_Sales (9.0.4.0076)" />
        <Dependent type="60" displayName="Order" parentDisplayName="Rent" id="{d598792c-3ff0-43f3-b3e3-bbd70b99e1a5}" />
      </MissingDependency>
      <MissingDependency>
        <Required type="2" schemaName="totaltax" displayName="Total Tax" parentSchemaName="salesorder" parentDisplayName="Rent" solution="msdynce_Sales (9.0.4.0076)" />
        <Dependent type="60" displayName="Order" parentDisplayName="Rent" id="{d598792c-3ff0-43f3-b3e3-bbd70b99e1a5}" />
      </MissingDependency>
      <MissingDependency>
        <Required type="2" schemaName="transactioncurrencyid" displayName="Currency" parentSchemaName="salesorder" parentDisplayName="Rent" solution="msdynce_Sales (9.0.4.0076)" />
        <Dependent type="60" displayName="Order" parentDisplayName="Rent" id="{d598792c-3ff0-43f3-b3e3-bbd70b99e1a5}" />
      </MissingDependency>
      <MissingDependency>
        <Required type="2" schemaName="willcall" displayName="Ship To" parentSchemaName="salesorder" parentDisplayName="Rent" solution="msdynce_Sales (9.0.4.0076)" />
        <Dependent type="60" displayName="Order" parentDisplayName="Rent" id="{d598792c-3ff0-43f3-b3e3-bbd70b99e1a5}" />
      </MissingDependency>
      <MissingDependency>
        <Required type="2" schemaName="parentbundleidref" displayName="Parent bundle product" parentSchemaName="salesorderdetail" parentDisplayName="Order Line" solution="msdynce_SalesPatch (9.0.1904.3002)" />
        <Dependent type="60" displayName="Order" parentDisplayName="Rent" id="{d598792c-3ff0-43f3-b3e3-bbd70b99e1a5}" />
      </MissingDependency>
      <MissingDependency>
        <Required type="26" schemaName="Field Service Order Based Product Inline Edit View" displayName="Field Service Order Based Product Inline Edit View" parentSchemaName="salesorderdetail" parentDisplayName="Order Line" solution="FieldService (8.8.0.88)" id="{3e70a7dd-565b-e611-810d-00155db93107}" />
        <Dependent type="60" displayName="Order" parentDisplayName="Rent" id="{d598792c-3ff0-43f3-b3e3-bbd70b99e1a5}" />
      </MissingDependency>
      <MissingDependency>
        <Required type="26" schemaName="All Order Lines" displayName="All Order Lines" parentSchemaName="salesorderdetail" parentDisplayName="Order Line" solution="msdynce_Sales (9.0.4.0076)" id="{68972f8a-3a2a-42ea-b5dd-40b56f497618}" />
        <Dependent type="60" displayName="Order" parentDisplayName="Rent" id="{d598792c-3ff0-43f3-b3e3-bbd70b99e1a5}" />
      </MissingDependency>
      <MissingDependency>
        <Required type="26" schemaName="Order Product Inline Edit View: Bundle Products" displayName="Order Product Inline Edit View: Bundle Products" parentSchemaName="salesorderdetail" parentDisplayName="Order Line" solution="msdynce_SalesPatch (9.0.1904.3002)" id="{96a1c3d3-24a3-4541-a2b1-6bc37fe6631e}" />
        <Dependent type="60" displayName="Order" parentDisplayName="Rent" id="{d598792c-3ff0-43f3-b3e3-bbd70b99e1a5}" />
      </MissingDependency>
      <MissingDependency>
        <Required type="26" schemaName="Order Product Inline Edit View" displayName="Order Product Inline Edit View" parentSchemaName="salesorderdetail" parentDisplayName="Order Line" solution="msdynce_Sales (9.0.4.0076)" id="{9ac6a187-5fb8-445c-914a-3b4a33c0017e}" />
        <Dependent type="60" displayName="Order" parentDisplayName="Rent" id="{d598792c-3ff0-43f3-b3e3-bbd70b99e1a5}" />
      </MissingDependency>
      <MissingDependency>
        <Required type="26" schemaName="Active Orders" displayName="Active Orders" parentSchemaName="salesorder" parentDisplayName="Rent" solution="msdynce_Sales (9.0.4.0076)" id="{e6f001df-303c-447b-b184-0f65cd00c3f9}" />
        <Dependent type="26" schemaName="Active Orders" displayName="Active Orders" parentSchemaName="salesorder" parentDisplayName="Rent" id="{e6f001df-303c-447b-b184-0f65cd00c3f9}" />
      </MissingDependency>
      <MissingDependency>
        <Required type="26" schemaName="Order Product Inline Edit View" displayName="Order Product Inline Edit View" parentSchemaName="salesorderdetail" parentDisplayName="Order Line" solution="FieldService (8.8.0.88)" id="{ed2b1f1e-575b-e611-810d-00155db93107}" />
        <Dependent type="60" displayName="Order" parentDisplayName="Rent" id="{d598792c-3ff0-43f3-b3e3-bbd70b99e1a5}" />
      </MissingDependency>
      <MissingDependency>
        <Required type="60" displayName="Order" parentDisplayName="Rent" solution="msdynce_Sales (9.0.4.0076)" id="{d598792c-3ff0-43f3-b3e3-bbd70b99e1a5}" />
        <Dependent type="60" displayName="Order" parentDisplayName="Rent" id="{d598792c-3ff0-43f3-b3e3-bbd70b99e1a5}" />
      </MissingDependency>
      <MissingDependency>
        <Required type="61" schemaName="msdyn_/Contract/Scripts/ContractCoreCrmInitialization.js" displayName="msdyn_/Contract/Scripts/ContractCoreCrmInitialization.js" solution="ProjectService (3.10.0.31)" />
        <Dependent type="60" displayName="Order" parentDisplayName="Rent" id="{d598792c-3ff0-43f3-b3e3-bbd70b99e1a5}" />
      </MissingDependency>
      <MissingDependency>
        <Required type="61" schemaName="msdyn_/Libraries/require/require.js" displayName="msdyn_/Libraries/require/require.js" solution="ProjectService (3.10.0.31)" />
        <Dependent type="60" displayName="Order" parentDisplayName="Rent" id="{d598792c-3ff0-43f3-b3e3-bbd70b99e1a5}" />
      </MissingDependency>
      <MissingDependency>
        <Required type="61" schemaName="msdyn_/Order/FieldService.Order.js" displayName="msdyn_/Order/FieldService.Order.js" solution="FieldService (8.8.0.88)" />
        <Dependent type="60" displayName="Order" parentDisplayName="Rent" id="{d598792c-3ff0-43f3-b3e3-bbd70b99e1a5}" />
      </MissingDependency>
      <MissingDependency>
        <Required type="66" schemaName="MscrmControls.Grid.GridControl" displayName="MscrmControls.Grid.GridControl" solution="BaseCustomControlsCore (9.0.2107.4011)" />
        <Dependent type="60" displayName="Order" parentDisplayName="Rent" id="{d598792c-3ff0-43f3-b3e3-bbd70b99e1a5}" />
      </MissingDependency>
      <MissingDependency>
        <Required type="9" schemaName="salesorder_statecode" displayName="Status" solution="msdynce_Sales (9.0.4.0076)" />
        <Dependent type="9" schemaName="salesorder_statecode" displayName="Status" />
      </MissingDependency>
    </MissingDependencies>
  </SolutionManifest>
</ImportExportXml>